<?xml version="1.0" encoding="UTF-8"?>
<project-private xmlns="http://www.netbeans.org/ns/project-private/1">
    <editor-bookmarks xmlns="http://www.netbeans.org/ns/editor-bookmarks/2" lastBookmarkId="0"/>
    <open-files xmlns="http://www.netbeans.org/ns/projectui-open-files/2">
        <group>
            <file>file:/C:/Users/Ben/Documents/NetBeansProjects/WebApplication2/src/java/services/Helper.java</file>
            <file>file:/C:/Users/Ben/Documents/NetBeansProjects/WebApplication2/src/java/controllers/UserListController.java</file>
            <file>file:/C:/Users/Ben/Documents/NetBeansProjects/WebApplication2/web/WEB-INF/jsp/index.jsp</file>
        </group>
    </open-files>
</project-private>
