<?xml version="1.0" encoding="UTF-8"?>
<!DOCTYPE hibernate-configuration PUBLIC "-//Hibernate/Hibernate Configuration DTD 3.0//EN" "http://hibernate.sourceforge.net/hibernate-configuration-3.0.dtd">
<hibernate-configuration>
  <session-factory>
    <property name="hibernate.dialect">org.hibernate.dialect.MySQLDialect</property>
    <property name="hibernate.connection.driver_class">com.mysql.jdbc.Driver</property>
    <property name="hibernate.connection.url">jdbc:mysql://localhost:3307/sp17_3308_tue94788?user=tue94788&amp;password=egierein&amp;zeroDateTimeBehavior=convertToNull&amp;autoReconnect=true&amp;characterEncoding=UTF-8&amp;characterSetResults=UTF-8</property>
    <property name="hibernate.connection.username">tue94788</property>
    <property name="hibernate.connection.password">egierein</property>
    <property name="hibernate.current_session_context_class">thread</property>
    <property name="hibernate.show_sql">true</property>
    <property name="hibernate.query.factory_class">org.hibernate.hql.classic.ClassicQueryTranslatorFactory</property>
    <mapping resource="dao/HibernateDemo.hbm.xml"/>
  </session-factory>
</hibernate-configuration>
